"group_uid","player.treatment","subsession.round_number","manager","player.price"
"MeWno_1__g1","M_exp_W_no",11,"M_exp",300
"MeWno_1__g2","M_exp_W_no",11,"M_exp",300
"MeWno_1__g3","M_exp_W_no",11,"M_exp",300
"MeWno_1__g4","M_exp_W_no",11,"M_exp",250
"MeWno_1__g5","M_exp_W_no",11,"M_exp",349
"MeWno_2__g1","M_exp_W_no",11,"M_exp",100
"MeWno_2__g2","M_exp_W_no",11,"M_exp",300
"MeWno_2__g3","M_exp_W_no",11,"M_exp",280
"MeWno_2__g4","M_exp_W_no",11,"M_exp",350
"MeWno_2__g5","M_exp_W_no",11,"M_exp",450
"bothe_1__g1","M_exp_W_exp",11,"M_exp",130
"bothe_1__g2","M_exp_W_exp",11,"M_exp",300
"bothe_1__g3","M_exp_W_exp",11,"M_exp",270
"bothe_1__g4","M_exp_W_exp",11,"M_exp",300
"bothe_1__g5","M_exp_W_exp",11,"M_exp",300
"bothe_2__g1","M_exp_W_exp",11,"M_exp",300
"bothe_2__g2","M_exp_W_exp",11,"M_exp",180
"bothe_2__g3","M_exp_W_exp",11,"M_exp",148
"bothe_2__g4","M_exp_W_exp",11,"M_exp",125
"bothe_2__g5","M_exp_W_exp",11,"M_exp",125
"MeWno_1__g1","M_exp_W_no",12,"M_exp",301
"MeWno_1__g2","M_exp_W_no",12,"M_exp",350
"MeWno_1__g3","M_exp_W_no",12,"M_exp",300
"MeWno_1__g4","M_exp_W_no",12,"M_exp",225
"MeWno_1__g5","M_exp_W_no",12,"M_exp",320
"MeWno_2__g1","M_exp_W_no",12,"M_exp",100
"MeWno_2__g2","M_exp_W_no",12,"M_exp",350
"MeWno_2__g3","M_exp_W_no",12,"M_exp",266
"MeWno_2__g4","M_exp_W_no",12,"M_exp",350
"MeWno_2__g5","M_exp_W_no",12,"M_exp",450
"bothe_1__g1","M_exp_W_exp",12,"M_exp",137
"bothe_1__g2","M_exp_W_exp",12,"M_exp",285
"bothe_1__g3","M_exp_W_exp",12,"M_exp",250
"bothe_1__g4","M_exp_W_exp",12,"M_exp",275
"bothe_1__g5","M_exp_W_exp",12,"M_exp",298
"bothe_2__g1","M_exp_W_exp",12,"M_exp",300
"bothe_2__g2","M_exp_W_exp",12,"M_exp",150
"bothe_2__g3","M_exp_W_exp",12,"M_exp",148
"bothe_2__g4","M_exp_W_exp",12,"M_exp",125
"bothe_2__g5","M_exp_W_exp",12,"M_exp",125
"MeWno_1__g1","M_exp_W_no",13,"M_exp",302
"MeWno_1__g2","M_exp_W_no",13,"M_exp",400
"MeWno_1__g3","M_exp_W_no",13,"M_exp",300
"MeWno_1__g4","M_exp_W_no",13,"M_exp",215
"MeWno_1__g5","M_exp_W_no",13,"M_exp",290
"MeWno_2__g1","M_exp_W_no",13,"M_exp",125
"MeWno_2__g2","M_exp_W_no",13,"M_exp",400
"MeWno_2__g3","M_exp_W_no",13,"M_exp",270
"MeWno_2__g4","M_exp_W_no",13,"M_exp",349
"MeWno_2__g5","M_exp_W_no",13,"M_exp",451
"bothe_1__g1","M_exp_W_exp",13,"M_exp",150
"bothe_1__g2","M_exp_W_exp",13,"M_exp",250
"bothe_1__g3","M_exp_W_exp",13,"M_exp",200
"bothe_1__g4","M_exp_W_exp",13,"M_exp",300
"bothe_1__g5","M_exp_W_exp",13,"M_exp",293
"bothe_2__g1","M_exp_W_exp",13,"M_exp",280
"bothe_2__g2","M_exp_W_exp",13,"M_exp",175
"bothe_2__g3","M_exp_W_exp",13,"M_exp",148
"bothe_2__g4","M_exp_W_exp",13,"M_exp",125
"bothe_2__g5","M_exp_W_exp",13,"M_exp",125
"MeWno_1__g1","M_exp_W_no",14,"M_exp",305
"MeWno_1__g2","M_exp_W_no",14,"M_exp",401
"MeWno_1__g3","M_exp_W_no",14,"M_exp",250
"MeWno_1__g4","M_exp_W_no",14,"M_exp",215
"MeWno_1__g5","M_exp_W_no",14,"M_exp",220
"MeWno_2__g1","M_exp_W_no",14,"M_exp",110
"MeWno_2__g2","M_exp_W_no",14,"M_exp",450
"MeWno_2__g3","M_exp_W_no",14,"M_exp",275
"MeWno_2__g4","M_exp_W_no",14,"M_exp",347
"MeWno_2__g5","M_exp_W_no",14,"M_exp",452
"bothe_1__g1","M_exp_W_exp",14,"M_exp",160
"bothe_1__g2","M_exp_W_exp",14,"M_exp",250
"bothe_1__g3","M_exp_W_exp",14,"M_exp",200
"bothe_1__g4","M_exp_W_exp",14,"M_exp",300
"bothe_1__g5","M_exp_W_exp",14,"M_exp",290
"bothe_2__g1","M_exp_W_exp",14,"M_exp",260
"bothe_2__g2","M_exp_W_exp",14,"M_exp",210
"bothe_2__g3","M_exp_W_exp",14,"M_exp",145
"bothe_2__g4","M_exp_W_exp",14,"M_exp",125
"bothe_2__g5","M_exp_W_exp",14,"M_exp",123
"MeWno_1__g1","M_exp_W_no",15,"M_exp",310
"MeWno_1__g2","M_exp_W_no",15,"M_exp",401
"MeWno_1__g3","M_exp_W_no",15,"M_exp",250
"MeWno_1__g4","M_exp_W_no",15,"M_exp",220
"MeWno_1__g5","M_exp_W_no",15,"M_exp",200
"MeWno_2__g1","M_exp_W_no",15,"M_exp",100
"MeWno_2__g2","M_exp_W_no",15,"M_exp",300
"MeWno_2__g3","M_exp_W_no",15,"M_exp",271
"MeWno_2__g4","M_exp_W_no",15,"M_exp",345
"MeWno_2__g5","M_exp_W_no",15,"M_exp",454
"bothe_1__g1","M_exp_W_exp",15,"M_exp",166
"bothe_1__g2","M_exp_W_exp",15,"M_exp",290
"bothe_1__g3","M_exp_W_exp",15,"M_exp",190
"bothe_1__g4","M_exp_W_exp",15,"M_exp",300
"bothe_1__g5","M_exp_W_exp",15,"M_exp",285
"bothe_2__g1","M_exp_W_exp",15,"M_exp",240
"bothe_2__g2","M_exp_W_exp",15,"M_exp",200
"bothe_2__g3","M_exp_W_exp",15,"M_exp",150
"bothe_2__g4","M_exp_W_exp",15,"M_exp",125
"bothe_2__g5","M_exp_W_exp",15,"M_exp",121
"MeWno_1__g1","M_exp_W_no",16,"M_exp",320
"MeWno_1__g2","M_exp_W_no",16,"M_exp",400
"MeWno_1__g3","M_exp_W_no",16,"M_exp",250
"MeWno_1__g4","M_exp_W_no",16,"M_exp",221
"MeWno_1__g5","M_exp_W_no",16,"M_exp",198
"MeWno_2__g1","M_exp_W_no",16,"M_exp",93
"MeWno_2__g2","M_exp_W_no",16,"M_exp",350
"MeWno_2__g3","M_exp_W_no",16,"M_exp",268
"MeWno_2__g4","M_exp_W_no",16,"M_exp",345
"MeWno_2__g5","M_exp_W_no",16,"M_exp",455
"bothe_1__g1","M_exp_W_exp",16,"M_exp",176
"bothe_1__g2","M_exp_W_exp",16,"M_exp",300
"bothe_1__g3","M_exp_W_exp",16,"M_exp",180
"bothe_1__g4","M_exp_W_exp",16,"M_exp",300
"bothe_1__g5","M_exp_W_exp",16,"M_exp",285
"bothe_2__g1","M_exp_W_exp",16,"M_exp",225
"bothe_2__g2","M_exp_W_exp",16,"M_exp",180
"bothe_2__g3","M_exp_W_exp",16,"M_exp",150
"bothe_2__g4","M_exp_W_exp",16,"M_exp",125
"bothe_2__g5","M_exp_W_exp",16,"M_exp",120
"MeWno_1__g1","M_exp_W_no",17,"M_exp",330
"MeWno_1__g2","M_exp_W_no",17,"M_exp",405
"MeWno_1__g3","M_exp_W_no",17,"M_exp",250
"MeWno_1__g4","M_exp_W_no",17,"M_exp",224
"MeWno_1__g5","M_exp_W_no",17,"M_exp",195
"MeWno_2__g1","M_exp_W_no",17,"M_exp",95
"MeWno_2__g2","M_exp_W_no",17,"M_exp",350
"MeWno_2__g3","M_exp_W_no",17,"M_exp",278
"MeWno_2__g4","M_exp_W_no",17,"M_exp",330
"MeWno_2__g5","M_exp_W_no",17,"M_exp",457
"bothe_1__g1","M_exp_W_exp",17,"M_exp",190
"bothe_1__g2","M_exp_W_exp",17,"M_exp",300
"bothe_1__g3","M_exp_W_exp",17,"M_exp",179
"bothe_1__g4","M_exp_W_exp",17,"M_exp",290
"bothe_1__g5","M_exp_W_exp",17,"M_exp",286
"bothe_2__g1","M_exp_W_exp",17,"M_exp",205
"bothe_2__g2","M_exp_W_exp",17,"M_exp",160
"bothe_2__g3","M_exp_W_exp",17,"M_exp",151
"bothe_2__g4","M_exp_W_exp",17,"M_exp",125
"bothe_2__g5","M_exp_W_exp",17,"M_exp",120
"MeWno_1__g1","M_exp_W_no",18,"M_exp",341
"MeWno_1__g2","M_exp_W_no",18,"M_exp",400
"MeWno_1__g3","M_exp_W_no",18,"M_exp",250
"MeWno_1__g4","M_exp_W_no",18,"M_exp",228
"MeWno_1__g5","M_exp_W_no",18,"M_exp",190
"MeWno_2__g1","M_exp_W_no",18,"M_exp",100
"MeWno_2__g2","M_exp_W_no",18,"M_exp",300
"MeWno_2__g3","M_exp_W_no",18,"M_exp",270
"MeWno_2__g4","M_exp_W_no",18,"M_exp",320
"MeWno_2__g5","M_exp_W_no",18,"M_exp",458
"bothe_1__g1","M_exp_W_exp",18,"M_exp",200
"bothe_1__g2","M_exp_W_exp",18,"M_exp",300
"bothe_1__g3","M_exp_W_exp",18,"M_exp",180
"bothe_1__g4","M_exp_W_exp",18,"M_exp",290
"bothe_1__g5","M_exp_W_exp",18,"M_exp",284
"bothe_2__g1","M_exp_W_exp",18,"M_exp",185
"bothe_2__g2","M_exp_W_exp",18,"M_exp",150
"bothe_2__g3","M_exp_W_exp",18,"M_exp",147
"bothe_2__g4","M_exp_W_exp",18,"M_exp",125
"bothe_2__g5","M_exp_W_exp",18,"M_exp",120
"MeWno_1__g1","M_exp_W_no",19,"M_exp",345
"MeWno_1__g2","M_exp_W_no",19,"M_exp",405
"MeWno_1__g3","M_exp_W_no",19,"M_exp",250
"MeWno_1__g4","M_exp_W_no",19,"M_exp",235
"MeWno_1__g5","M_exp_W_no",19,"M_exp",184
"MeWno_2__g1","M_exp_W_no",19,"M_exp",110
"MeWno_2__g2","M_exp_W_no",19,"M_exp",350
"MeWno_2__g3","M_exp_W_no",19,"M_exp",267
"MeWno_2__g4","M_exp_W_no",19,"M_exp",311
"MeWno_2__g5","M_exp_W_no",19,"M_exp",460
"bothe_1__g1","M_exp_W_exp",19,"M_exp",208
"bothe_1__g2","M_exp_W_exp",19,"M_exp",300
"bothe_1__g3","M_exp_W_exp",19,"M_exp",190
"bothe_1__g4","M_exp_W_exp",19,"M_exp",290
"bothe_1__g5","M_exp_W_exp",19,"M_exp",284
"bothe_2__g1","M_exp_W_exp",19,"M_exp",200
"bothe_2__g2","M_exp_W_exp",19,"M_exp",140
"bothe_2__g3","M_exp_W_exp",19,"M_exp",148
"bothe_2__g4","M_exp_W_exp",19,"M_exp",125
"bothe_2__g5","M_exp_W_exp",19,"M_exp",120
"MeWno_1__g1","M_exp_W_no",20,"M_exp",100
"MeWno_1__g2","M_exp_W_no",20,"M_exp",399
"MeWno_1__g3","M_exp_W_no",20,"M_exp",250
"MeWno_1__g4","M_exp_W_no",20,"M_exp",246
"MeWno_1__g5","M_exp_W_no",20,"M_exp",175
"MeWno_2__g1","M_exp_W_no",20,"M_exp",104
"MeWno_2__g2","M_exp_W_no",20,"M_exp",350
"MeWno_2__g3","M_exp_W_no",20,"M_exp",268
"MeWno_2__g4","M_exp_W_no",20,"M_exp",300
"MeWno_2__g5","M_exp_W_no",20,"M_exp",462
"bothe_1__g1","M_exp_W_exp",20,"M_exp",190
"bothe_1__g2","M_exp_W_exp",20,"M_exp",300
"bothe_1__g3","M_exp_W_exp",20,"M_exp",194
"bothe_1__g4","M_exp_W_exp",20,"M_exp",290
"bothe_1__g5","M_exp_W_exp",20,"M_exp",286
"bothe_2__g1","M_exp_W_exp",20,"M_exp",205
"bothe_2__g2","M_exp_W_exp",20,"M_exp",100
"bothe_2__g3","M_exp_W_exp",20,"M_exp",148
"bothe_2__g4","M_exp_W_exp",20,"M_exp",125
"bothe_2__g5","M_exp_W_exp",20,"M_exp",120
"bothno_1__g1","M_no_W_no",11,"M_no",110
"bothno_1__g2","M_no_W_no",11,"M_no",110
"bothno_1__g3","M_no_W_no",11,"M_no",300
"bothno_1__g4","M_no_W_no",11,"M_no",200
"bothno_1__g5","M_no_W_no",11,"M_no",150
"botno_2__g1","M_no_W_no",11,"M_no",100
"botno_2__g2","M_no_W_no",11,"M_no",100
"botno_2__g3","M_no_W_no",11,"M_no",150
"botno_2__g4","M_no_W_no",11,"M_no",200
"botno_2__g5","M_no_W_no",11,"M_no",250
"MnoWe_1__g1","M_no_W_exp",11,"M_no",121
"MnoWe_1__g2","M_no_W_exp",11,"M_no",55
"MnoWe_1__g3","M_no_W_exp",11,"M_no",100
"MnoWe_1__g4","M_no_W_exp",11,"M_no",100
"MnoWe_1__g5","M_no_W_exp",11,"M_no",100
"MnoWe_2__g1","M_no_W_exp",11,"M_no",100
"MnoWe_2__g2","M_no_W_exp",11,"M_no",240
"MnoWe_2__g3","M_no_W_exp",11,"M_no",150
"MnoWe_2__g4","M_no_W_exp",11,"M_no",10
"MnoWe_2__g5","M_no_W_exp",11,"M_no",244
"bothno_1__g1","M_no_W_no",12,"M_no",110
"bothno_1__g2","M_no_W_no",12,"M_no",110
"bothno_1__g3","M_no_W_no",12,"M_no",300
"bothno_1__g4","M_no_W_no",12,"M_no",179
"bothno_1__g5","M_no_W_no",12,"M_no",160
"botno_2__g1","M_no_W_no",12,"M_no",125
"botno_2__g2","M_no_W_no",12,"M_no",100
"botno_2__g3","M_no_W_no",12,"M_no",151
"botno_2__g4","M_no_W_no",12,"M_no",200
"botno_2__g5","M_no_W_no",12,"M_no",290
"MnoWe_1__g1","M_no_W_exp",12,"M_no",120
"MnoWe_1__g2","M_no_W_exp",12,"M_no",55
"MnoWe_1__g3","M_no_W_exp",12,"M_no",110
"MnoWe_1__g4","M_no_W_exp",12,"M_no",105
"MnoWe_1__g5","M_no_W_exp",12,"M_no",111
"MnoWe_2__g1","M_no_W_exp",12,"M_no",101
"MnoWe_2__g2","M_no_W_exp",12,"M_no",220
"MnoWe_2__g3","M_no_W_exp",12,"M_no",100
"MnoWe_2__g4","M_no_W_exp",12,"M_no",20
"MnoWe_2__g5","M_no_W_exp",12,"M_no",245
"bothno_1__g1","M_no_W_no",13,"M_no",150
"bothno_1__g2","M_no_W_no",13,"M_no",110
"bothno_1__g3","M_no_W_no",13,"M_no",300
"bothno_1__g4","M_no_W_no",13,"M_no",160
"bothno_1__g5","M_no_W_no",13,"M_no",160
"botno_2__g1","M_no_W_no",13,"M_no",130
"botno_2__g2","M_no_W_no",13,"M_no",100
"botno_2__g3","M_no_W_no",13,"M_no",152
"botno_2__g4","M_no_W_no",13,"M_no",204
"botno_2__g5","M_no_W_no",13,"M_no",300
"MnoWe_1__g1","M_no_W_exp",13,"M_no",119
"MnoWe_1__g2","M_no_W_exp",13,"M_no",55
"MnoWe_1__g3","M_no_W_exp",13,"M_no",105
"MnoWe_1__g4","M_no_W_exp",13,"M_no",105
"MnoWe_1__g5","M_no_W_exp",13,"M_no",133
"MnoWe_2__g1","M_no_W_exp",13,"M_no",102
"MnoWe_2__g2","M_no_W_exp",13,"M_no",215
"MnoWe_2__g3","M_no_W_exp",13,"M_no",60
"MnoWe_2__g4","M_no_W_exp",13,"M_no",15
"MnoWe_2__g5","M_no_W_exp",13,"M_no",244
"bothno_1__g1","M_no_W_no",14,"M_no",150
"bothno_1__g2","M_no_W_no",14,"M_no",110
"bothno_1__g3","M_no_W_no",14,"M_no",250
"bothno_1__g4","M_no_W_no",14,"M_no",150
"bothno_1__g5","M_no_W_no",14,"M_no",150
"botno_2__g1","M_no_W_no",14,"M_no",155
"botno_2__g2","M_no_W_no",14,"M_no",90
"botno_2__g3","M_no_W_no",14,"M_no",153
"botno_2__g4","M_no_W_no",14,"M_no",201
"botno_2__g5","M_no_W_no",14,"M_no",310
"MnoWe_1__g1","M_no_W_exp",14,"M_no",115
"MnoWe_1__g2","M_no_W_exp",14,"M_no",55
"MnoWe_1__g3","M_no_W_exp",14,"M_no",98
"MnoWe_1__g4","M_no_W_exp",14,"M_no",105
"MnoWe_1__g5","M_no_W_exp",14,"M_no",150
"MnoWe_2__g1","M_no_W_exp",14,"M_no",103
"MnoWe_2__g2","M_no_W_exp",14,"M_no",220
"MnoWe_2__g3","M_no_W_exp",14,"M_no",70
"MnoWe_2__g4","M_no_W_exp",14,"M_no",20
"MnoWe_2__g5","M_no_W_exp",14,"M_no",245
"bothno_1__g1","M_no_W_no",15,"M_no",150
"bothno_1__g2","M_no_W_no",15,"M_no",110
"bothno_1__g3","M_no_W_no",15,"M_no",255
"bothno_1__g4","M_no_W_no",15,"M_no",130
"bothno_1__g5","M_no_W_no",15,"M_no",150
"botno_2__g1","M_no_W_no",15,"M_no",175
"botno_2__g2","M_no_W_no",15,"M_no",100
"botno_2__g3","M_no_W_no",15,"M_no",154
"botno_2__g4","M_no_W_no",15,"M_no",206
"botno_2__g5","M_no_W_no",15,"M_no",313
"MnoWe_1__g1","M_no_W_exp",15,"M_no",90
"MnoWe_1__g2","M_no_W_exp",15,"M_no",56
"MnoWe_1__g3","M_no_W_exp",15,"M_no",95
"MnoWe_1__g4","M_no_W_exp",15,"M_no",104
"MnoWe_1__g5","M_no_W_exp",15,"M_no",150
"MnoWe_2__g1","M_no_W_exp",15,"M_no",104
"MnoWe_2__g2","M_no_W_exp",15,"M_no",215
"MnoWe_2__g3","M_no_W_exp",15,"M_no",70
"MnoWe_2__g4","M_no_W_exp",15,"M_no",25
"MnoWe_2__g5","M_no_W_exp",15,"M_no",244
"bothno_1__g1","M_no_W_no",16,"M_no",150
"bothno_1__g2","M_no_W_no",16,"M_no",111
"bothno_1__g3","M_no_W_no",16,"M_no",245
"bothno_1__g4","M_no_W_no",16,"M_no",100
"bothno_1__g5","M_no_W_no",16,"M_no",150
"botno_2__g1","M_no_W_no",16,"M_no",190
"botno_2__g2","M_no_W_no",16,"M_no",100
"botno_2__g3","M_no_W_no",16,"M_no",155
"botno_2__g4","M_no_W_no",16,"M_no",205
"botno_2__g5","M_no_W_no",16,"M_no",300
"MnoWe_1__g1","M_no_W_exp",16,"M_no",50
"MnoWe_1__g2","M_no_W_exp",16,"M_no",55
"MnoWe_1__g3","M_no_W_exp",16,"M_no",95
"MnoWe_1__g4","M_no_W_exp",16,"M_no",100
"MnoWe_1__g5","M_no_W_exp",16,"M_no",139
"MnoWe_2__g1","M_no_W_exp",16,"M_no",106
"MnoWe_2__g2","M_no_W_exp",16,"M_no",220
"MnoWe_2__g3","M_no_W_exp",16,"M_no",60
"MnoWe_2__g4","M_no_W_exp",16,"M_no",30
"MnoWe_2__g5","M_no_W_exp",16,"M_no",245
"bothno_1__g1","M_no_W_no",17,"M_no",150
"bothno_1__g2","M_no_W_no",17,"M_no",112
"bothno_1__g3","M_no_W_no",17,"M_no",215
"bothno_1__g4","M_no_W_no",17,"M_no",80
"bothno_1__g5","M_no_W_no",17,"M_no",150
"botno_2__g1","M_no_W_no",17,"M_no",190
"botno_2__g2","M_no_W_no",17,"M_no",100
"botno_2__g3","M_no_W_no",17,"M_no",156
"botno_2__g4","M_no_W_no",17,"M_no",203
"botno_2__g5","M_no_W_no",17,"M_no",300
"MnoWe_1__g1","M_no_W_exp",17,"M_no",50
"MnoWe_1__g2","M_no_W_exp",17,"M_no",50
"MnoWe_1__g3","M_no_W_exp",17,"M_no",90
"MnoWe_1__g4","M_no_W_exp",17,"M_no",90
"MnoWe_1__g5","M_no_W_exp",17,"M_no",119
"MnoWe_2__g1","M_no_W_exp",17,"M_no",107
"MnoWe_2__g2","M_no_W_exp",17,"M_no",230
"MnoWe_2__g3","M_no_W_exp",17,"M_no",60
"MnoWe_2__g4","M_no_W_exp",17,"M_no",30
"MnoWe_2__g5","M_no_W_exp",17,"M_no",245
"bothno_1__g1","M_no_W_no",18,"M_no",139
"bothno_1__g2","M_no_W_no",18,"M_no",113
"bothno_1__g3","M_no_W_no",18,"M_no",200
"bothno_1__g4","M_no_W_no",18,"M_no",75
"bothno_1__g5","M_no_W_no",18,"M_no",150
"botno_2__g1","M_no_W_no",18,"M_no",175
"botno_2__g2","M_no_W_no",18,"M_no",90
"botno_2__g3","M_no_W_no",18,"M_no",157
"botno_2__g4","M_no_W_no",18,"M_no",204
"botno_2__g5","M_no_W_no",18,"M_no",300
"MnoWe_1__g1","M_no_W_exp",18,"M_no",50
"MnoWe_1__g2","M_no_W_exp",18,"M_no",50
"MnoWe_1__g3","M_no_W_exp",18,"M_no",86
"MnoWe_1__g4","M_no_W_exp",18,"M_no",81
"MnoWe_1__g5","M_no_W_exp",18,"M_no",120
"MnoWe_2__g1","M_no_W_exp",18,"M_no",110
"MnoWe_2__g2","M_no_W_exp",18,"M_no",235
"MnoWe_2__g3","M_no_W_exp",18,"M_no",50
"MnoWe_2__g4","M_no_W_exp",18,"M_no",28
"MnoWe_2__g5","M_no_W_exp",18,"M_no",245
"bothno_1__g1","M_no_W_no",19,"M_no",150
"bothno_1__g2","M_no_W_no",19,"M_no",114
"bothno_1__g3","M_no_W_no",19,"M_no",188
"bothno_1__g4","M_no_W_no",19,"M_no",70
"bothno_1__g5","M_no_W_no",19,"M_no",150
"botno_2__g1","M_no_W_no",19,"M_no",155
"botno_2__g2","M_no_W_no",19,"M_no",100
"botno_2__g3","M_no_W_no",19,"M_no",159
"botno_2__g4","M_no_W_no",19,"M_no",204
"botno_2__g5","M_no_W_no",19,"M_no",313
"MnoWe_1__g1","M_no_W_exp",19,"M_no",20
"MnoWe_1__g2","M_no_W_exp",19,"M_no",50
"MnoWe_1__g3","M_no_W_exp",19,"M_no",80
"MnoWe_1__g4","M_no_W_exp",19,"M_no",76
"MnoWe_1__g5","M_no_W_exp",19,"M_no",140
"MnoWe_2__g1","M_no_W_exp",19,"M_no",112
"MnoWe_2__g2","M_no_W_exp",19,"M_no",225
"MnoWe_2__g3","M_no_W_exp",19,"M_no",50
"MnoWe_2__g4","M_no_W_exp",19,"M_no",20
"MnoWe_2__g5","M_no_W_exp",19,"M_no",245
"bothno_1__g1","M_no_W_no",20,"M_no",200
"bothno_1__g2","M_no_W_no",20,"M_no",115
"bothno_1__g3","M_no_W_no",20,"M_no",150
"bothno_1__g4","M_no_W_no",20,"M_no",65
"bothno_1__g5","M_no_W_no",20,"M_no",150
"botno_2__g1","M_no_W_no",20,"M_no",140
"botno_2__g2","M_no_W_no",20,"M_no",97
"botno_2__g3","M_no_W_no",20,"M_no",161
"botno_2__g4","M_no_W_no",20,"M_no",200
"botno_2__g5","M_no_W_no",20,"M_no",309
"MnoWe_1__g1","M_no_W_exp",20,"M_no",1
"MnoWe_1__g2","M_no_W_exp",20,"M_no",45
"MnoWe_1__g3","M_no_W_exp",20,"M_no",70
"MnoWe_1__g4","M_no_W_exp",20,"M_no",70
"MnoWe_1__g5","M_no_W_exp",20,"M_no",105
"MnoWe_2__g1","M_no_W_exp",20,"M_no",115
"MnoWe_2__g2","M_no_W_exp",20,"M_no",225
"MnoWe_2__g3","M_no_W_exp",20,"M_no",45
"MnoWe_2__g4","M_no_W_exp",20,"M_no",30
"MnoWe_2__g5","M_no_W_exp",20,"M_no",245
"MnoWe_1__g1","M_no_W_exp",11,"W_exp",400
"MnoWe_1__g2","M_no_W_exp",11,"W_exp",150
"MnoWe_1__g3","M_no_W_exp",11,"W_exp",380
"MnoWe_1__g4","M_no_W_exp",11,"W_exp",350
"MnoWe_1__g5","M_no_W_exp",11,"W_exp",200
"MnoWe_2__g1","M_no_W_exp",11,"W_exp",200
"MnoWe_2__g2","M_no_W_exp",11,"W_exp",300
"MnoWe_2__g3","M_no_W_exp",11,"W_exp",450
"MnoWe_2__g4","M_no_W_exp",11,"W_exp",590
"MnoWe_2__g5","M_no_W_exp",11,"W_exp",350
"bothe_1__g1","M_exp_W_exp",11,"W_exp",160
"bothe_1__g2","M_exp_W_exp",11,"W_exp",300
"bothe_1__g3","M_exp_W_exp",11,"W_exp",290
"bothe_1__g4","M_exp_W_exp",11,"W_exp",275
"bothe_1__g5","M_exp_W_exp",11,"W_exp",298
"bothe_2__g1","M_exp_W_exp",11,"W_exp",250
"bothe_2__g2","M_exp_W_exp",11,"W_exp",180
"bothe_2__g3","M_exp_W_exp",11,"W_exp",130
"bothe_2__g4","M_exp_W_exp",11,"W_exp",125
"bothe_2__g5","M_exp_W_exp",11,"W_exp",125
"MnoWe_1__g1","M_no_W_exp",12,"W_exp",480
"MnoWe_1__g2","M_no_W_exp",12,"W_exp",160
"MnoWe_1__g3","M_no_W_exp",12,"W_exp",350
"MnoWe_1__g4","M_no_W_exp",12,"W_exp",400
"MnoWe_1__g5","M_no_W_exp",12,"W_exp",211
"MnoWe_2__g1","M_no_W_exp",12,"W_exp",200
"MnoWe_2__g2","M_no_W_exp",12,"W_exp",300
"MnoWe_2__g3","M_no_W_exp",12,"W_exp",500
"MnoWe_2__g4","M_no_W_exp",12,"W_exp",10
"MnoWe_2__g5","M_no_W_exp",12,"W_exp",352
"bothe_1__g1","M_exp_W_exp",12,"W_exp",180
"bothe_1__g2","M_exp_W_exp",12,"W_exp",315
"bothe_1__g3","M_exp_W_exp",12,"W_exp",240
"bothe_1__g4","M_exp_W_exp",12,"W_exp",297
"bothe_1__g5","M_exp_W_exp",12,"W_exp",299
"bothe_2__g1","M_exp_W_exp",12,"W_exp",250
"bothe_2__g2","M_exp_W_exp",12,"W_exp",190
"bothe_2__g3","M_exp_W_exp",12,"W_exp",142
"bothe_2__g4","M_exp_W_exp",12,"W_exp",125
"bothe_2__g5","M_exp_W_exp",12,"W_exp",125
"MnoWe_1__g1","M_no_W_exp",13,"W_exp",481
"MnoWe_1__g2","M_no_W_exp",13,"W_exp",165
"MnoWe_1__g3","M_no_W_exp",13,"W_exp",329
"MnoWe_1__g4","M_no_W_exp",13,"W_exp",450
"MnoWe_1__g5","M_no_W_exp",13,"W_exp",220
"MnoWe_2__g1","M_no_W_exp",13,"W_exp",200
"MnoWe_2__g2","M_no_W_exp",13,"W_exp",301
"MnoWe_2__g3","M_no_W_exp",13,"W_exp",500
"MnoWe_2__g4","M_no_W_exp",13,"W_exp",500
"MnoWe_2__g5","M_no_W_exp",13,"W_exp",352
"bothe_1__g1","M_exp_W_exp",13,"W_exp",198
"bothe_1__g2","M_exp_W_exp",13,"W_exp",350
"bothe_1__g3","M_exp_W_exp",13,"W_exp",220
"bothe_1__g4","M_exp_W_exp",13,"W_exp",280
"bothe_1__g5","M_exp_W_exp",13,"W_exp",289
"bothe_2__g1","M_exp_W_exp",13,"W_exp",240
"bothe_2__g2","M_exp_W_exp",13,"W_exp",215
"bothe_2__g3","M_exp_W_exp",13,"W_exp",140
"bothe_2__g4","M_exp_W_exp",13,"W_exp",125
"bothe_2__g5","M_exp_W_exp",13,"W_exp",125
"MnoWe_1__g1","M_no_W_exp",14,"W_exp",485
"MnoWe_1__g2","M_no_W_exp",14,"W_exp",170
"MnoWe_1__g3","M_no_W_exp",14,"W_exp",320
"MnoWe_1__g4","M_no_W_exp",14,"W_exp",480
"MnoWe_1__g5","M_no_W_exp",14,"W_exp",230
"MnoWe_2__g1","M_no_W_exp",14,"W_exp",200
"MnoWe_2__g2","M_no_W_exp",14,"W_exp",310
"MnoWe_2__g3","M_no_W_exp",14,"W_exp",525
"MnoWe_2__g4","M_no_W_exp",14,"W_exp",510
"MnoWe_2__g5","M_no_W_exp",14,"W_exp",352
"bothe_1__g1","M_exp_W_exp",14,"W_exp",210
"bothe_1__g2","M_exp_W_exp",14,"W_exp",300
"bothe_1__g3","M_exp_W_exp",14,"W_exp",200
"bothe_1__g4","M_exp_W_exp",14,"W_exp",280
"bothe_1__g5","M_exp_W_exp",14,"W_exp",288
"bothe_2__g1","M_exp_W_exp",14,"W_exp",230
"bothe_2__g2","M_exp_W_exp",14,"W_exp",250
"bothe_2__g3","M_exp_W_exp",14,"W_exp",135
"bothe_2__g4","M_exp_W_exp",14,"W_exp",125
"bothe_2__g5","M_exp_W_exp",14,"W_exp",125
"MnoWe_1__g1","M_no_W_exp",15,"W_exp",510
"MnoWe_1__g2","M_no_W_exp",15,"W_exp",200
"MnoWe_1__g3","M_no_W_exp",15,"W_exp",300
"MnoWe_1__g4","M_no_W_exp",15,"W_exp",490
"MnoWe_1__g5","M_no_W_exp",15,"W_exp",250
"MnoWe_2__g1","M_no_W_exp",15,"W_exp",200
"MnoWe_2__g2","M_no_W_exp",15,"W_exp",330
"MnoWe_2__g3","M_no_W_exp",15,"W_exp",530
"MnoWe_2__g4","M_no_W_exp",15,"W_exp",520
"MnoWe_2__g5","M_no_W_exp",15,"W_exp",352
"bothe_1__g1","M_exp_W_exp",15,"W_exp",224
"bothe_1__g2","M_exp_W_exp",15,"W_exp",300
"bothe_1__g3","M_exp_W_exp",15,"W_exp",200
"bothe_1__g4","M_exp_W_exp",15,"W_exp",280
"bothe_1__g5","M_exp_W_exp",15,"W_exp",285
"bothe_2__g1","M_exp_W_exp",15,"W_exp",220
"bothe_2__g2","M_exp_W_exp",15,"W_exp",251
"bothe_2__g3","M_exp_W_exp",15,"W_exp",139
"bothe_2__g4","M_exp_W_exp",15,"W_exp",125
"bothe_2__g5","M_exp_W_exp",15,"W_exp",126
"MnoWe_1__g1","M_no_W_exp",16,"W_exp",500
"MnoWe_1__g2","M_no_W_exp",16,"W_exp",180
"MnoWe_1__g3","M_no_W_exp",16,"W_exp",275
"MnoWe_1__g4","M_no_W_exp",16,"W_exp",500
"MnoWe_1__g5","M_no_W_exp",16,"W_exp",200
"MnoWe_2__g1","M_no_W_exp",16,"W_exp",200
"MnoWe_2__g2","M_no_W_exp",16,"W_exp",340
"MnoWe_2__g3","M_no_W_exp",16,"W_exp",540
"MnoWe_2__g4","M_no_W_exp",16,"W_exp",535
"MnoWe_2__g5","M_no_W_exp",16,"W_exp",353
"bothe_1__g1","M_exp_W_exp",16,"W_exp",232
"bothe_1__g2","M_exp_W_exp",16,"W_exp",300
"bothe_1__g3","M_exp_W_exp",16,"W_exp",195
"bothe_1__g4","M_exp_W_exp",16,"W_exp",280
"bothe_1__g5","M_exp_W_exp",16,"W_exp",285
"bothe_2__g1","M_exp_W_exp",16,"W_exp",205
"bothe_2__g2","M_exp_W_exp",16,"W_exp",260
"bothe_2__g3","M_exp_W_exp",16,"W_exp",138
"bothe_2__g4","M_exp_W_exp",16,"W_exp",125
"bothe_2__g5","M_exp_W_exp",16,"W_exp",125
"MnoWe_1__g1","M_no_W_exp",17,"W_exp",520
"MnoWe_1__g2","M_no_W_exp",17,"W_exp",165
"MnoWe_1__g3","M_no_W_exp",17,"W_exp",250
"MnoWe_1__g4","M_no_W_exp",17,"W_exp",510
"MnoWe_1__g5","M_no_W_exp",17,"W_exp",167
"MnoWe_2__g1","M_no_W_exp",17,"W_exp",200
"MnoWe_2__g2","M_no_W_exp",17,"W_exp",350
"MnoWe_2__g3","M_no_W_exp",17,"W_exp",540
"MnoWe_2__g4","M_no_W_exp",17,"W_exp",550
"MnoWe_2__g5","M_no_W_exp",17,"W_exp",350
"bothe_1__g1","M_exp_W_exp",17,"W_exp",240
"bothe_1__g2","M_exp_W_exp",17,"W_exp",210
"bothe_1__g3","M_exp_W_exp",17,"W_exp",195
"bothe_1__g4","M_exp_W_exp",17,"W_exp",275
"bothe_1__g5","M_exp_W_exp",17,"W_exp",285
"bothe_2__g1","M_exp_W_exp",17,"W_exp",190
"bothe_2__g2","M_exp_W_exp",17,"W_exp",250
"bothe_2__g3","M_exp_W_exp",17,"W_exp",140
"bothe_2__g4","M_exp_W_exp",17,"W_exp",125
"bothe_2__g5","M_exp_W_exp",17,"W_exp",125
"MnoWe_1__g1","M_no_W_exp",18,"W_exp",550
"MnoWe_1__g2","M_no_W_exp",18,"W_exp",165
"MnoWe_1__g3","M_no_W_exp",18,"W_exp",228
"MnoWe_1__g4","M_no_W_exp",18,"W_exp",519
"MnoWe_1__g5","M_no_W_exp",18,"W_exp",149
"MnoWe_2__g1","M_no_W_exp",18,"W_exp",200
"MnoWe_2__g2","M_no_W_exp",18,"W_exp",364
"MnoWe_2__g3","M_no_W_exp",18,"W_exp",550
"MnoWe_2__g4","M_no_W_exp",18,"W_exp",550
"MnoWe_2__g5","M_no_W_exp",18,"W_exp",351
"bothe_1__g1","M_exp_W_exp",18,"W_exp",257
"bothe_1__g2","M_exp_W_exp",18,"W_exp",300
"bothe_1__g3","M_exp_W_exp",18,"W_exp",195
"bothe_1__g4","M_exp_W_exp",18,"W_exp",275
"bothe_1__g5","M_exp_W_exp",18,"W_exp",285
"bothe_2__g1","M_exp_W_exp",18,"W_exp",190
"bothe_2__g2","M_exp_W_exp",18,"W_exp",220
"bothe_2__g3","M_exp_W_exp",18,"W_exp",138
"bothe_2__g4","M_exp_W_exp",18,"W_exp",125
"bothe_2__g5","M_exp_W_exp",18,"W_exp",125
"MnoWe_1__g1","M_no_W_exp",19,"W_exp",580
"MnoWe_1__g2","M_no_W_exp",19,"W_exp",165
"MnoWe_1__g3","M_no_W_exp",19,"W_exp",200
"MnoWe_1__g4","M_no_W_exp",19,"W_exp",524
"MnoWe_1__g5","M_no_W_exp",19,"W_exp",160
"MnoWe_2__g1","M_no_W_exp",19,"W_exp",201
"MnoWe_2__g2","M_no_W_exp",19,"W_exp",365
"MnoWe_2__g3","M_no_W_exp",19,"W_exp",550
"MnoWe_2__g4","M_no_W_exp",19,"W_exp",540
"MnoWe_2__g5","M_no_W_exp",19,"W_exp",351
"bothe_1__g1","M_exp_W_exp",19,"W_exp",252
"bothe_1__g2","M_exp_W_exp",19,"W_exp",300
"bothe_1__g3","M_exp_W_exp",19,"W_exp",196
"bothe_1__g4","M_exp_W_exp",19,"W_exp",270
"bothe_1__g5","M_exp_W_exp",19,"W_exp",285
"bothe_2__g1","M_exp_W_exp",19,"W_exp",188
"bothe_2__g2","M_exp_W_exp",19,"W_exp",200
"bothe_2__g3","M_exp_W_exp",19,"W_exp",135
"bothe_2__g4","M_exp_W_exp",19,"W_exp",125
"bothe_2__g5","M_exp_W_exp",19,"W_exp",125
"MnoWe_1__g1","M_no_W_exp",20,"W_exp",599
"MnoWe_1__g2","M_no_W_exp",20,"W_exp",165
"MnoWe_1__g3","M_no_W_exp",20,"W_exp",170
"MnoWe_1__g4","M_no_W_exp",20,"W_exp",530
"MnoWe_1__g5","M_no_W_exp",20,"W_exp",139
"MnoWe_2__g1","M_no_W_exp",20,"W_exp",199
"MnoWe_2__g2","M_no_W_exp",20,"W_exp",370
"MnoWe_2__g3","M_no_W_exp",20,"W_exp",552
"MnoWe_2__g4","M_no_W_exp",20,"W_exp",490
"MnoWe_2__g5","M_no_W_exp",20,"W_exp",351
"bothe_1__g1","M_exp_W_exp",20,"W_exp",243
"bothe_1__g2","M_exp_W_exp",20,"W_exp",300
"bothe_1__g3","M_exp_W_exp",20,"W_exp",200
"bothe_1__g4","M_exp_W_exp",20,"W_exp",270
"bothe_1__g5","M_exp_W_exp",20,"W_exp",286
"bothe_2__g1","M_exp_W_exp",20,"W_exp",180
"bothe_2__g2","M_exp_W_exp",20,"W_exp",175
"bothe_2__g3","M_exp_W_exp",20,"W_exp",136
"bothe_2__g4","M_exp_W_exp",20,"W_exp",125
"bothe_2__g5","M_exp_W_exp",20,"W_exp",125
"bothno_1__g1","M_no_W_no",11,"W_no",110
"bothno_1__g2","M_no_W_no",11,"W_no",110
"bothno_1__g3","M_no_W_no",11,"W_no",300
"bothno_1__g4","M_no_W_no",11,"W_no",200
"bothno_1__g5","M_no_W_no",11,"W_no",400
"botno_2__g1","M_no_W_no",11,"W_no",174
"botno_2__g2","M_no_W_no",11,"W_no",100
"botno_2__g3","M_no_W_no",11,"W_no",150
"botno_2__g4","M_no_W_no",11,"W_no",200
"botno_2__g5","M_no_W_no",11,"W_no",250
"MeWno_1__g1","M_exp_W_no",11,"W_no",50
"MeWno_1__g2","M_exp_W_no",11,"W_no",134
"MeWno_1__g3","M_exp_W_no",11,"W_no",151
"MeWno_1__g4","M_exp_W_no",11,"W_no",110
"MeWno_1__g5","M_exp_W_no",11,"W_no",110
"MeWno_2__g1","M_exp_W_no",11,"W_no",50
"MeWno_2__g2","M_exp_W_no",11,"W_no",250
"MeWno_2__g3","M_exp_W_no",11,"W_no",150
"MeWno_2__g4","M_exp_W_no",11,"W_no",200
"MeWno_2__g5","M_exp_W_no",11,"W_no",150
"bothno_1__g1","M_no_W_no",12,"W_no",100
"bothno_1__g2","M_no_W_no",12,"W_no",120
"bothno_1__g3","M_no_W_no",12,"W_no",300
"bothno_1__g4","M_no_W_no",12,"W_no",200
"bothno_1__g5","M_no_W_no",12,"W_no",400
"botno_2__g1","M_no_W_no",12,"W_no",199
"botno_2__g2","M_no_W_no",12,"W_no",100
"botno_2__g3","M_no_W_no",12,"W_no",140
"botno_2__g4","M_no_W_no",12,"W_no",201
"botno_2__g5","M_no_W_no",12,"W_no",275
"MeWno_1__g1","M_exp_W_no",12,"W_no",50
"MeWno_1__g2","M_exp_W_no",12,"W_no",150
"MeWno_1__g3","M_exp_W_no",12,"W_no",155
"MeWno_1__g4","M_exp_W_no",12,"W_no",100
"MeWno_1__g5","M_exp_W_no",12,"W_no",110
"MeWno_2__g1","M_exp_W_no",12,"W_no",70
"MeWno_2__g2","M_exp_W_no",12,"W_no",200
"MeWno_2__g3","M_exp_W_no",12,"W_no",151
"MeWno_2__g4","M_exp_W_no",12,"W_no",175
"MeWno_2__g5","M_exp_W_no",12,"W_no",149
"bothno_1__g1","M_no_W_no",13,"W_no",110
"bothno_1__g2","M_no_W_no",13,"W_no",110
"bothno_1__g3","M_no_W_no",13,"W_no",275
"bothno_1__g4","M_no_W_no",13,"W_no",200
"bothno_1__g5","M_no_W_no",13,"W_no",400
"botno_2__g1","M_no_W_no",13,"W_no",225
"botno_2__g2","M_no_W_no",13,"W_no",91
"botno_2__g3","M_no_W_no",13,"W_no",138
"botno_2__g4","M_no_W_no",13,"W_no",205
"botno_2__g5","M_no_W_no",13,"W_no",260
"MeWno_1__g1","M_exp_W_no",13,"W_no",40
"MeWno_1__g2","M_exp_W_no",13,"W_no",155
"MeWno_1__g3","M_exp_W_no",13,"W_no",159
"MeWno_1__g4","M_exp_W_no",13,"W_no",100
"MeWno_1__g5","M_exp_W_no",13,"W_no",108
"MeWno_2__g1","M_exp_W_no",13,"W_no",55
"MeWno_2__g2","M_exp_W_no",13,"W_no",150
"MeWno_2__g3","M_exp_W_no",13,"W_no",150
"MeWno_2__g4","M_exp_W_no",13,"W_no",171
"MeWno_2__g5","M_exp_W_no",13,"W_no",140
"bothno_1__g1","M_no_W_no",14,"W_no",120
"bothno_1__g2","M_no_W_no",14,"W_no",112
"bothno_1__g3","M_no_W_no",14,"W_no",300
"bothno_1__g4","M_no_W_no",14,"W_no",200
"bothno_1__g5","M_no_W_no",14,"W_no",400
"botno_2__g1","M_no_W_no",14,"W_no",200
"botno_2__g2","M_no_W_no",14,"W_no",100
"botno_2__g3","M_no_W_no",14,"W_no",135
"botno_2__g4","M_no_W_no",14,"W_no",202
"botno_2__g5","M_no_W_no",14,"W_no",250
"MeWno_1__g1","M_exp_W_no",14,"W_no",40
"MeWno_1__g2","M_exp_W_no",14,"W_no",160
"MeWno_1__g3","M_exp_W_no",14,"W_no",160
"MeWno_1__g4","M_exp_W_no",14,"W_no",101
"MeWno_1__g5","M_exp_W_no",14,"W_no",106
"MeWno_2__g1","M_exp_W_no",14,"W_no",55
"MeWno_2__g2","M_exp_W_no",14,"W_no",100
"MeWno_2__g3","M_exp_W_no",14,"W_no",150
"MeWno_2__g4","M_exp_W_no",14,"W_no",168
"MeWno_2__g5","M_exp_W_no",14,"W_no",139
"bothno_1__g1","M_no_W_no",15,"W_no",150
"bothno_1__g2","M_no_W_no",15,"W_no",115
"bothno_1__g3","M_no_W_no",15,"W_no",220
"bothno_1__g4","M_no_W_no",15,"W_no",200
"bothno_1__g5","M_no_W_no",15,"W_no",400
"botno_2__g1","M_no_W_no",15,"W_no",175
"botno_2__g2","M_no_W_no",15,"W_no",90
"botno_2__g3","M_no_W_no",15,"W_no",130
"botno_2__g4","M_no_W_no",15,"W_no",204
"botno_2__g5","M_no_W_no",15,"W_no",229
"MeWno_1__g1","M_exp_W_no",15,"W_no",30
"MeWno_1__g2","M_exp_W_no",15,"W_no",150
"MeWno_1__g3","M_exp_W_no",15,"W_no",160
"MeWno_1__g4","M_exp_W_no",15,"W_no",103
"MeWno_1__g5","M_exp_W_no",15,"W_no",102
"MeWno_2__g1","M_exp_W_no",15,"W_no",50
"MeWno_2__g2","M_exp_W_no",15,"W_no",300
"MeWno_2__g3","M_exp_W_no",15,"W_no",149
"MeWno_2__g4","M_exp_W_no",15,"W_no",165
"MeWno_2__g5","M_exp_W_no",15,"W_no",130
"bothno_1__g1","M_no_W_no",16,"W_no",135
"bothno_1__g2","M_no_W_no",16,"W_no",116
"bothno_1__g3","M_no_W_no",16,"W_no",212
"bothno_1__g4","M_no_W_no",16,"W_no",200
"bothno_1__g5","M_no_W_no",16,"W_no",400
"botno_2__g1","M_no_W_no",16,"W_no",180
"botno_2__g2","M_no_W_no",16,"W_no",80
"botno_2__g3","M_no_W_no",16,"W_no",128
"botno_2__g4","M_no_W_no",16,"W_no",201
"botno_2__g5","M_no_W_no",16,"W_no",240
"MeWno_1__g1","M_exp_W_no",16,"W_no",30
"MeWno_1__g2","M_exp_W_no",16,"W_no",148
"MeWno_1__g3","M_exp_W_no",16,"W_no",161
"MeWno_1__g4","M_exp_W_no",16,"W_no",105
"MeWno_1__g5","M_exp_W_no",16,"W_no",103
"MeWno_2__g1","M_exp_W_no",16,"W_no",49
"MeWno_2__g2","M_exp_W_no",16,"W_no",200
"MeWno_2__g3","M_exp_W_no",16,"W_no",148
"MeWno_2__g4","M_exp_W_no",16,"W_no",160
"MeWno_2__g5","M_exp_W_no",16,"W_no",125
"bothno_1__g1","M_no_W_no",17,"W_no",135
"bothno_1__g2","M_no_W_no",17,"W_no",117
"bothno_1__g3","M_no_W_no",17,"W_no",215
"bothno_1__g4","M_no_W_no",17,"W_no",201
"bothno_1__g5","M_no_W_no",17,"W_no",400
"botno_2__g1","M_no_W_no",17,"W_no",173
"botno_2__g2","M_no_W_no",17,"W_no",100
"botno_2__g3","M_no_W_no",17,"W_no",125
"botno_2__g4","M_no_W_no",17,"W_no",202
"botno_2__g5","M_no_W_no",17,"W_no",231
"MeWno_1__g1","M_exp_W_no",17,"W_no",19
"MeWno_1__g2","M_exp_W_no",17,"W_no",150
"MeWno_1__g3","M_exp_W_no",17,"W_no",162
"MeWno_1__g4","M_exp_W_no",17,"W_no",108
"MeWno_1__g5","M_exp_W_no",17,"W_no",105
"MeWno_2__g1","M_exp_W_no",17,"W_no",45
"MeWno_2__g2","M_exp_W_no",17,"W_no",200
"MeWno_2__g3","M_exp_W_no",17,"W_no",145
"MeWno_2__g4","M_exp_W_no",17,"W_no",160
"MeWno_2__g5","M_exp_W_no",17,"W_no",128
"bothno_1__g1","M_no_W_no",18,"W_no",140
"bothno_1__g2","M_no_W_no",18,"W_no",118
"bothno_1__g3","M_no_W_no",18,"W_no",200
"bothno_1__g4","M_no_W_no",18,"W_no",202
"bothno_1__g5","M_no_W_no",18,"W_no",400
"botno_2__g1","M_no_W_no",18,"W_no",170
"botno_2__g2","M_no_W_no",18,"W_no",100
"botno_2__g3","M_no_W_no",18,"W_no",123
"botno_2__g4","M_no_W_no",18,"W_no",200
"botno_2__g5","M_no_W_no",18,"W_no",220
"MeWno_1__g1","M_exp_W_no",18,"W_no",15
"MeWno_1__g2","M_exp_W_no",18,"W_no",150
"MeWno_1__g3","M_exp_W_no",18,"W_no",164
"MeWno_1__g4","M_exp_W_no",18,"W_no",112
"MeWno_1__g5","M_exp_W_no",18,"W_no",102
"MeWno_2__g1","M_exp_W_no",18,"W_no",45
"MeWno_2__g2","M_exp_W_no",18,"W_no",200
"MeWno_2__g3","M_exp_W_no",18,"W_no",143
"MeWno_2__g4","M_exp_W_no",18,"W_no",160
"MeWno_2__g5","M_exp_W_no",18,"W_no",125
"bothno_1__g1","M_no_W_no",19,"W_no",135
"bothno_1__g2","M_no_W_no",19,"W_no",120
"bothno_1__g3","M_no_W_no",19,"W_no",185
"bothno_1__g4","M_no_W_no",19,"W_no",205
"bothno_1__g5","M_no_W_no",19,"W_no",400
"botno_2__g1","M_no_W_no",19,"W_no",190
"botno_2__g2","M_no_W_no",19,"W_no",100
"botno_2__g3","M_no_W_no",19,"W_no",120
"botno_2__g4","M_no_W_no",19,"W_no",200
"botno_2__g5","M_no_W_no",19,"W_no",208
"MeWno_1__g1","M_exp_W_no",19,"W_no",10
"MeWno_1__g2","M_exp_W_no",19,"W_no",151
"MeWno_1__g3","M_exp_W_no",19,"W_no",165
"MeWno_1__g4","M_exp_W_no",19,"W_no",115
"MeWno_1__g5","M_exp_W_no",19,"W_no",102
"MeWno_2__g1","M_exp_W_no",19,"W_no",50
"MeWno_2__g2","M_exp_W_no",19,"W_no",250
"MeWno_2__g3","M_exp_W_no",19,"W_no",140
"MeWno_2__g4","M_exp_W_no",19,"W_no",160
"MeWno_2__g5","M_exp_W_no",19,"W_no",125
"bothno_1__g1","M_no_W_no",20,"W_no",150
"bothno_1__g2","M_no_W_no",20,"W_no",125
"bothno_1__g3","M_no_W_no",20,"W_no",150
"bothno_1__g4","M_no_W_no",20,"W_no",210
"bothno_1__g5","M_no_W_no",20,"W_no",400
"botno_2__g1","M_no_W_no",20,"W_no",170
"botno_2__g2","M_no_W_no",20,"W_no",100
"botno_2__g3","M_no_W_no",20,"W_no",122
"botno_2__g4","M_no_W_no",20,"W_no",198
"botno_2__g5","M_no_W_no",20,"W_no",200
"MeWno_1__g1","M_exp_W_no",20,"W_no",11
"MeWno_1__g2","M_exp_W_no",20,"W_no",150
"MeWno_1__g3","M_exp_W_no",20,"W_no",167
"MeWno_1__g4","M_exp_W_no",20,"W_no",115
"MeWno_1__g5","M_exp_W_no",20,"W_no",103
"MeWno_2__g1","M_exp_W_no",20,"W_no",49
"MeWno_2__g2","M_exp_W_no",20,"W_no",200
"MeWno_2__g3","M_exp_W_no",20,"W_no",136
"MeWno_2__g4","M_exp_W_no",20,"W_no",158
"MeWno_2__g5","M_exp_W_no",20,"W_no",124
